{"cameraMode":{"drawMode":0,"name":"Shaded","section":"Shading Mode"},"sceneLighting":false,"audioPlay":false,"sceneViewState":{"showFog":true,"showMaterialUpdate":false,"showSkybox":false,"showFlares":true,"showImageEffects":true,"showParticleSystems":true},"in2DMode":false,"pivot":{"x":5.701362609863281,"y":9.864883422851563,"z":-0.23311996459960938},"rotation":{"x":-0.3502485156059265,"y":0.15823252499103547,"z":-0.06015675142407417,"w":-0.9212579727172852},"size":10.466717720031739,"orthographic":false}