{"cameraMode":{"drawMode":0,"name":"Shaded","section":"Shading Mode"},"sceneLighting":false,"audioPlay":false,"sceneViewState":{"showFog":true,"showMaterialUpdate":false,"showSkybox":false,"showFlares":true,"showImageEffects":true,"showParticleSystems":true},"in2DMode":false,"pivot":{"x":-3.4760656356811525,"y":2.934424638748169,"z":-4.085020065307617},"rotation":{"x":-0.24089626967906953,"y":0.013681341893970967,"z":-0.0033969422802329065,"w":-0.9704715013504028},"size":7.091609954833984,"orthographic":false}