{"cameraMode":{"drawMode":0,"name":"Shaded","section":"Shading Mode"},"sceneLighting":true,"audioPlay":false,"sceneViewState":{"showFog":true,"showMaterialUpdate":false,"showSkybox":true,"showFlares":true,"showImageEffects":true,"showParticleSystems":true},"in2DMode":false,"pivot":{"x":0.21263551712036134,"y":2.6007537841796877,"z":2.5274124145507814},"rotation":{"x":-0.3502485156059265,"y":0.15823252499103547,"z":-0.06015675142407417,"w":-0.9212579727172852},"size":27.87325096130371,"orthographic":false}